{
    "loss": 0.2557182013988495,
    "accuracy": 0.9179882407188416
}